{"Episode": 141, "Desired Accumulation 0": 622.0, "_timestamp": 1685761918.4175613, "_runtime": 123.41885924339294, "_step": 986, "Total Demand 0": 900.0, "Desired Acc. to Total Demand ratio 0": 0.6911111111111111, "Desired Accumulation 1": 752.0, "Total Demand 1": 900.0, "Desired Acc. to Total Demand ratio 1": 0.8355555555555556, "Reward": 3573.0, "Best Reward:": 4452.5, "ServedDemand": 440.0, "Best Served Demand": 537.0, "Reb. Cost": 607.0, "Best Reb. Cost": 649.0, "Spatial Reb. Cost": 56.0, "Actor Loss": 3.0805958173890606, "Value Loss": 0.2315386588928153, "Mean Value": 0.08163702711462975, "Mean Concentration": 1.073896050453186, "Mean Std": 0.23714099824428558, "Mean Log Prob": 0.7715720653533935, "Std Log Prob": 6.447765140884079}