{"Episode": 596, "Desired Accumulation 0": 19898.685840074904, "_timestamp": 1685932252.5162268, "_runtime": 541.7100007534027, "_step": 5363, "Total Demand 0": 4597.414156033183, "Desired Acc. to Total Demand ratio 0": 4.328234343203968, "Desired Accumulation 1": 3794.0, "Total Demand 1": 0.0, "Desired Accumulation 2": 17444.475021876162, "Total Demand 2": 4597.414156033183, "Desired Acc. to Total Demand ratio 2": 3.7944101683734086, "Reward": 17519.486547464505, "Best Reward:": 47505.594408503224, "ServedDemand": 8862.839138048934, "Best Served Demand": 12804.063280030896, "Reb. Cost": 5678.6045247337315, "Best Reb. Cost": 12332.67256030766, "Spatial Reb. Cost": 108.5, "Actor Loss": 23.885624165800287, "Value Loss": 1.3110419132925317, "Mean Value": 0.1005824588239193, "Mean Concentration": NaN, "Mean Std": NaN, "Mean Log Prob": 5.108885985612869, "Std Log Prob": 3.0951662008935923}