{"Episode": 35, "Desired Accumulation 0": 1006.0, "_timestamp": 1685848247.7713048, "_runtime": 30.109315872192383, "_step": 244, "Total Demand 0": 900.0, "Desired Acc. to Total Demand ratio 0": 1.1177777777777778, "Desired Accumulation 1": 914.0, "Total Demand 1": 900.0, "Desired Acc. to Total Demand ratio 1": 1.0155555555555555, "Reward": -277.0, "Best Reward:": -253.5, "ServedDemand": 0, "Best Served Demand": 0, "Reb. Cost": 277.0, "Best Reb. Cost": 253.5, "Spatial Reb. Cost": 11.0, "Actor Loss": 9.956336521141885, "Value Loss": 1.0025067348532506, "Mean Value": -0.10873861536383629, "Mean Concentration": 0.6839377284049988, "Mean Std": 0.006598035804927349, "Mean Log Prob": -3.838391327857971, "Std Log Prob": 2.7259112726975605, "_wandb": {"runtime": 30}}