{"Episode": 7, "Desired Accumulation 0": 795.0, "_timestamp": 1685836577.785197, "_runtime": 8.117339134216309, "_step": 48, "Total Demand 0": 900.0, "Desired Acc. to Total Demand ratio 0": 0.8833333333333333, "Desired Accumulation 1": 838.0, "Total Demand 1": 900.0, "Desired Acc. to Total Demand ratio 1": 0.9311111111111111, "Reward": 2399.0, "Best Reward:": 2854.5, "ServedDemand": 287.0, "Best Served Demand": 337.0, "Reb. Cost": 327.5, "Best Reb. Cost": 347.0, "Spatial Reb. Cost": 2.0, "Actor Loss": -35.90024466584713, "Value Loss": 5.179601644939585, "Mean Value": 0.37812874726951123, "Mean Concentration": 0.7225032448768616, "Mean Std": 0.006404978688806295, "Mean Log Prob": -3.5286991596221924, "Std Log Prob": 3.012740735269586, "_wandb": {"runtime": 7}}