{"Episode": 1707, "Desired Accumulation 0": 1920.0, "_timestamp": 1685844651.269147, "_runtime": 1050.2820308208466, "_step": 11948, "Total Demand 0": 900.0, "Desired Acc. to Total Demand ratio 0": 2.1333333333333333, "Desired Accumulation 1": 0.0, "Total Demand 1": 900.0, "Desired Acc. to Total Demand ratio 1": 0.0, "Reward": -16.0, "Best Reward:": -4.0, "ServedDemand": 0, "Best Served Demand": 0, "Reb. Cost": 16.0, "Best Reb. Cost": 4.0, "Spatial Reb. Cost": 0, "Actor Loss": -13.90739798037374, "Value Loss": 0.9723275052173376, "Mean Value": -0.03128957264125347, "Mean Concentration": 0.4137972593307495, "Mean Std": 0.02357773669064045, "Mean Log Prob": -9.589750197948888, "Std Log Prob": 14.818588837555463}