{"Episode": 16000, "Desired Accumulation 0": 563.0, "_timestamp": 1685776537.6097503, "_runtime": 14568.38232421875, "_step": 111999, "Total Demand 0": 900.0, "Desired Acc. to Total Demand ratio 0": 0.6255555555555555, "Desired Accumulation 1": 475.0, "Total Demand 1": 900.0, "Desired Acc. to Total Demand ratio 1": 0.5277777777777778, "Reward": 5378.0, "Best Reward:": 5839.0, "ServedDemand": 664.0, "Best Served Demand": 713.0, "Reb. Cost": 930.0, "Best Reb. Cost": 934.5, "Spatial Reb. Cost": 62.0, "Actor Loss": -9.061598813812983, "Value Loss": 0.005090802220244139, "Mean Value": -0.01203903928399086, "Mean Concentration": 20.115076065063477, "Mean Std": 14.618474960327148, "Mean Log Prob": 55.0540337562561, "Std Log Prob": 36.60487562274575, "_wandb": {"runtime": 14568}}