{"Episode": 2977, "Desired Accumulation 0": 744.2189022749662, "_timestamp": 1685869049.5395162, "_runtime": 1872.7978911399841, "_step": 20838, "Total Demand 0": 900.0, "Desired Acc. to Total Demand ratio 0": 0.8269098914166292, "Desired Accumulation 1": 790.3294443762861, "Total Demand 1": 900.0, "Desired Acc. to Total Demand ratio 1": 0.8781438270847624, "Reward": 1830.669162850827, "Best Reward:": 3679.5, "ServedDemand": 385.45165334874764, "Best Served Demand": 436.0, "Reb. Cost": 490.0519511762541, "Best Reb. Cost": 462.5, "Spatial Reb. Cost": 10.963753700256348, "Actor Loss": -35.99121397160855, "Value Loss": 0.31119459476975625, "Mean Value": -0.055007537454366685, "Mean Concentration": 0.39293262362480164, "Mean Std": 0.2534172534942627, "Mean Log Prob": 28.543867206573488, "Std Log Prob": 2.998287469974377, "_wandb": {"runtime": 1872}}