{"Episode": 4, "Desired Accumulation 0": 12367.5672035655, "_timestamp": 1685932340.1047392, "_runtime": 6.534235239028931, "_step": 35, "Total Demand 0": 4597.414156033183, "Desired Acc. to Total Demand ratio 0": 2.690113786537059, "Desired Accumulation 1": 12443.548544080928, "Total Demand 1": 0.0, "Desired Accumulation 2": 12819.526138681453, "Total Demand 2": 4597.414156033183, "Desired Acc. to Total Demand ratio 2": 2.788420991364983, "Reward": 23720.310432103928, "Best Reward:": 23720.310432103928, "ServedDemand": 12369.358113672119, "Best Served Demand": 12369.358113672119, "Reb. Cost": 14879.905001247535, "Best Reb. Cost": 14879.905001247535, "Spatial Reb. Cost": 490.8576158210635, "Actor Loss": -16.293623746142607, "Value Loss": 43.4120791543447, "Mean Value": -0.3859622202813625, "Mean Concentration": NaN, "Mean Std": NaN, "Mean Log Prob": 1.9121146857738496, "Std Log Prob": 0.5791886975152342}