{"Episode": 3, "Desired Accumulation 0": 867.0, "_timestamp": 1685838064.366776, "_runtime": 4.620668888092041, "_step": 20, "Total Demand 0": 900.0, "Desired Acc. to Total Demand ratio 0": 0.9633333333333334, "Desired Accumulation 1": 1053.0, "Total Demand 1": 900.0, "Desired Acc. to Total Demand ratio 1": 1.17, "Reward": -383.0, "Best Reward:": -370.0, "ServedDemand": 0, "Best Served Demand": 0, "Reb. Cost": 383.0, "Best Reb. Cost": 370.0, "Spatial Reb. Cost": 10.5, "Actor Loss": -15.687612250949876, "Value Loss": 7.333414226081846, "Mean Value": -0.04625965543091297, "Mean Concentration": 0.6978411078453064, "Mean Std": 0.004160483833402395, "Mean Log Prob": -3.1953571796417237, "Std Log Prob": 3.2393966085717083, "_wandb": {"runtime": 4}}