{"Episode": 387, "Desired Accumulation 0": 829.0391501821578, "_timestamp": 1685852601.5912254, "_runtime": 257.95000433921814, "_step": 2708, "Total Demand 0": 900.0, "Desired Acc. to Total Demand ratio 0": 0.9211546113135086, "Desired Accumulation 1": 712.7615506201982, "Total Demand 1": 900.0, "Desired Acc. to Total Demand ratio 1": 0.7919572784668869, "Reward": 1731.4247851166874, "Best Reward:": 3562.0, "ServedDemand": 378.199299197644, "Best Served Demand": 432.0, "Reb. Cost": 407.3663735855371, "Best Reb. Cost": 542.0, "Spatial Reb. Cost": 5.5121879279613495, "Actor Loss": -377.4159045021519, "Value Loss": 1.7904795318963653, "Mean Value": -0.15723419934511185, "Mean Concentration": 1.028357744216919, "Mean Std": 0.2936285734176636, "Mean Log Prob": 50.708688378334045, "Std Log Prob": 59.60242954437226, "_wandb": {"runtime": 259}}