{"Episode": 10, "Desired Accumulation 0": 887.0, "_timestamp": 1685850651.7125165, "_runtime": 10.39478349685669, "_step": 59, "Total Demand 0": 900.0, "Desired Acc. to Total Demand ratio 0": 0.9855555555555555, "Desired Accumulation 1": 733.0, "Total Demand 1": 900.0, "Desired Acc. to Total Demand ratio 1": 0.8144444444444444, "_wandb": {"runtime": 10}}