{"Episode": 316, "Desired Accumulation 0": 867.7338019013405, "_timestamp": 1685853010.389645, "_runtime": 210.93607807159424, "_step": 2211, "Total Demand 0": 900.0, "Desired Acc. to Total Demand ratio 0": 0.9641486687792672, "Desired Accumulation 1": 823.5441135875881, "Total Demand 1": 900.0, "Desired Acc. to Total Demand ratio 1": 0.9150490150973201, "Reward": 822.5724674221128, "Best Reward:": 3562.0, "ServedDemand": 228.72208451107144, "Best Served Demand": 432.0, "Reb. Cost": 380.3934710919857, "Best Reb. Cost": 542.0, "Spatial Reb. Cost": 9.0, "Actor Loss": -377.4159045021519, "Value Loss": 1.7904795318963653, "Mean Value": -0.15723419934511185, "Mean Concentration": 1.028357744216919, "Mean Std": 0.2936285734176636, "Mean Log Prob": 50.708688378334045, "Std Log Prob": 59.60242954437226, "_wandb": {"runtime": 212}}