{"Episode": 4069, "Desired Accumulation 0": 13860.755106020486, "_timestamp": 1685922571.0818965, "_runtime": 3798.71941947937, "_step": 36620, "Total Demand 0": 4597.414156033183, "Desired Acc. to Total Demand ratio 0": 3.0149024289732584, "Desired Accumulation 1": 12364.699388375971, "Total Demand 1": 0.0, "Desired Accumulation 2": 12144.200948213751, "Total Demand 2": 4597.414156033183, "Desired Acc. to Total Demand ratio 2": 2.641528593258653, "Reward": 31307.474184527004, "Best Reward:": 47505.594408503224, "ServedDemand": 11630.344557389792, "Best Served Demand": 12804.063280030896, "Reb. Cost": 8418.687613275106, "Best Reb. Cost": 12332.67256030766, "Spatial Reb. Cost": 68.81996003043605, "Actor Loss": 3.773029937143436, "Value Loss": 0.8612684128093501, "Mean Value": 0.09746255911886692, "Mean Concentration": NaN, "Mean Std": NaN, "Mean Log Prob": 1.9610253751277924, "Std Log Prob": 0.18447362587166824, "_wandb": {"runtime": 3800}}