{"Episode": 2, "Desired Accumulation 0": 708.0, "_timestamp": 1685850426.8482137, "_runtime": 4.2863147258758545, "_step": 11, "Total Demand 0": 900.0, "Desired Acc. to Total Demand ratio 0": 0.7866666666666666, "Desired Accumulation 1": 839.0, "Total Demand 1": 900.0, "Desired Acc. to Total Demand ratio 1": 0.9322222222222222, "_wandb": {"runtime": 4}}