{"Episode": 2, "Desired Accumulation 0": 1036.0, "_timestamp": 1685845690.8949718, "_runtime": 4.289384841918945, "_step": 13, "Total Demand 0": 900.0, "Desired Acc. to Total Demand ratio 0": 1.1511111111111112, "Desired Accumulation 1": 884.0, "Total Demand 1": 900.0, "Desired Acc. to Total Demand ratio 1": 0.9822222222222222, "Reward": -335.5, "Best Reward:": -323.0, "ServedDemand": 0, "Best Served Demand": 0, "Reb. Cost": 335.5, "Best Reb. Cost": 323.0, "Spatial Reb. Cost": 19.0, "Actor Loss": 6.4572218380001205, "Value Loss": 7.895029320111181, "Mean Value": -0.03237402513623237, "Mean Concentration": 0.7016110420227051, "Mean Std": 0.0033636861480772495, "Mean Log Prob": -3.5669507503509523, "Std Log Prob": 1.9443977144941427, "_wandb": {"runtime": 3}}