{"Episode": 5, "Desired Accumulation 0": 15145.0, "_timestamp": 1685917680.0423586, "_runtime": 8.727372646331787, "_step": 44, "Total Demand 0": 4597.414156033183, "Desired Acc. to Total Demand ratio 0": 3.2942431301572492, "Desired Accumulation 1": 11327.0, "Total Demand 1": 0.0, "Desired Accumulation 2": 16811.0, "Total Demand 2": 4597.414156033183, "Desired Acc. to Total Demand ratio 2": 3.6566207501534183, "Reward": 51574.5, "Best Reward:": 57259.5, "ServedDemand": 6717.0, "Best Served Demand": 7784.0, "Reb. Cost": 12237.0, "Best Reb. Cost": 16688.5, "Spatial Reb. Cost": 800.0, "Actor Loss": 168.02934506636572, "Value Loss": 53.93640934707246, "Mean Value": 3.0592146903276443, "Mean Concentration": NaN, "Mean Std": NaN, "Mean Log Prob": 2.7997250497341155, "Std Log Prob": 0.99525389834076}