{"Episode": 194, "Desired Accumulation 0": 665.43502125144, "_timestamp": 1685850826.913639, "_runtime": 117.71629405021667, "_step": 1163, "Total Demand 0": 900.0, "Desired Acc. to Total Demand ratio 0": 0.7393722458349334, "Desired Accumulation 1": 873.9692220389843, "Total Demand 1": 900.0, "Desired Acc. to Total Demand ratio 1": 0.9710769133766493, "_wandb": {"runtime": 117}}