{"Episode": 1, "Desired Accumulation 0": 742.0, "_timestamp": 1685817965.5535228, "_runtime": 3.399200916290283, "_step": 6, "Total Demand 0": 900.0, "Desired Acc. to Total Demand ratio 0": 0.8244444444444444, "Desired Accumulation 1": 959.0, "Total Demand 1": 900.0, "Desired Acc. to Total Demand ratio 1": 1.0655555555555556, "Reward": 1789.0, "Best Reward:": 1789.0, "ServedDemand": 219.0, "Best Served Demand": 219.0, "Reb. Cost": 291.5, "Best Reb. Cost": 291.5, "Spatial Reb. Cost": 3.5, "Actor Loss": 26.643919051425563, "Value Loss": 8.557395167969524, "Mean Value": 0.06099061407148838, "Mean Concentration": 0.703963577747345, "Mean Std": 0.0036202487535774708, "Mean Log Prob": -2.359120750427246, "Std Log Prob": 3.597825904824067, "_wandb": {"runtime": 3}}