{"Episode": 6, "Desired Accumulation 0": 15347.0, "_timestamp": 1685871176.597542, "_runtime": 10.261175155639648, "_step": 53, "Total Demand 0": 4597.414156033183, "Desired Acc. to Total Demand ratio 0": 3.338180872797841, "Desired Accumulation 1": 13538.0, "Total Demand 1": 0.0, "Desired Accumulation 2": 14773.0, "Total Demand 2": 4597.414156033183, "Desired Acc. to Total Demand ratio 2": 3.213328079353783, "Reward": 49207.5, "Best Reward:": 49942.5, "ServedDemand": 6342.0, "Best Served Demand": 6553.0, "Reb. Cost": 11041.5, "Best Reb. Cost": 12311.0, "Spatial Reb. Cost": 1243.5, "Actor Loss": 7.481016141030527, "Value Loss": 1.9561768111801456, "Mean Value": 0.04606896638870239, "Mean Concentration": 0.7151798605918884, "Mean Std": 0.012387841939926147, "Mean Log Prob": -1.461773443222046, "Std Log Prob": 4.38827972584354, "_wandb": {"runtime": 10}}