{"Episode": 5, "Desired Accumulation 0": 100775.0, "_timestamp": 1685866179.9289427, "_runtime": 54.030375719070435, "_step": 79, "Total Demand 0": 92414.0, "Desired Acc. to Total Demand ratio 0": 1.0904733049105113, "Desired Accumulation 1": 72306.0, "Total Demand 1": 57736.0, "Desired Acc. to Total Demand ratio 1": 1.2523555493972565, "Desired Accumulation 2": 53814.0, "Total Demand 2": 25656.0, "Desired Acc. to Total Demand ratio 2": 2.0975210477081383, "Desired Accumulation 3": 62527.0, "Total Demand 3": 41458.0, "Desired Acc. to Total Demand ratio 3": 1.5082010709633846, "Desired Accumulation 4": 53269.0, "Total Demand 4": 3204.0, "Desired Acc. to Total Demand ratio 4": 16.62578027465668, "Reward": 575959.914, "Best Reward:": 575959.914, "ServedDemand": 51600.0, "Best Served Demand": 51600.0, "Reb. Cost": 88501.6944, "Best Reb. Cost": 88501.6944, "Spatial Reb. Cost": 6607.701119999999, "Actor Loss": -1000.0, "Value Loss": 575.2902147491793, "Mean Value": -35.62248547375202, "Mean Concentration": 1.1224786043167114, "Mean Std": 0.30273181200027466, "Mean Log Prob": 83.22765159606934, "Std Log Prob": 24.857882492440254, "_wandb": {"runtime": 58}}