{"Episode": 5, "Desired Accumulation 0": 1012.0, "_timestamp": 1685848823.226872, "_runtime": 6.5322840213775635, "_step": 34, "Total Demand 0": 900.0, "Desired Acc. to Total Demand ratio 0": 1.1244444444444444, "Desired Accumulation 1": 908.0, "Total Demand 1": 900.0, "Desired Acc. to Total Demand ratio 1": 1.008888888888889, "Reward": -311.5, "Best Reward:": -297.0, "ServedDemand": 0, "Best Served Demand": 0, "Reb. Cost": 311.5, "Best Reb. Cost": 297.0, "Spatial Reb. Cost": 4.5, "Actor Loss": -10.177237721433464, "Value Loss": 5.934956278208341, "Mean Value": -0.1216396562755108, "Mean Concentration": 0.7067846655845642, "Mean Std": 0.004680647514760494, "Mean Log Prob": -3.5496147155761717, "Std Log Prob": 2.6784774367661566, "_wandb": {"runtime": 6}}