{"Episode": 944, "Desired Accumulation 0": 1149.0, "_timestamp": 1685861655.4297311, "_runtime": 725.396772146225, "_step": 6607, "Total Demand 0": 900.0, "Desired Acc. to Total Demand ratio 0": 1.2766666666666666, "Desired Accumulation 1": 466.0, "Total Demand 1": 900.0, "Desired Acc. to Total Demand ratio 1": 0.5177777777777778, "Reward": 2621.0, "Best Reward:": 4171.0, "ServedDemand": 305.0, "Best Served Demand": 506.0, "Reb. Cost": 276.5, "Best Reb. Cost": 636.0, "Spatial Reb. Cost": 30.0, "Actor Loss": 113.97844425176854, "Value Loss": 0.02745679184366069, "Mean Value": 0.008916616439819336, "Mean Concentration": 2.2182843685150146, "Mean Std": 1.767706036567688, "Mean Log Prob": 433.42305755615234, "Std Log Prob": 220.42130464251733, "_wandb": {"runtime": 726}}