{"Episode": 18, "Desired Accumulation 0": 1016.0, "_timestamp": 1685848656.689782, "_runtime": 14.867745876312256, "_step": 107, "Total Demand 0": 900.0, "Desired Acc. to Total Demand ratio 0": 1.1288888888888888, "Desired Accumulation 1": 904.0, "Total Demand 1": 900.0, "Desired Acc. to Total Demand ratio 1": 1.0044444444444445, "_wandb": {"runtime": 14}}