{"Episode": 304, "Desired Accumulation 0": 1065.0, "_timestamp": 1685853010.0875804, "_runtime": 242.49638748168945, "_step": 2127, "Total Demand 0": 900.0, "Desired Acc. to Total Demand ratio 0": 1.1833333333333333, "Desired Accumulation 1": 575.0, "Total Demand 1": 900.0, "Desired Acc. to Total Demand ratio 1": 0.6388888888888888, "Reward": 2410.0, "Best Reward:": 3830.5, "ServedDemand": 280.0, "Best Served Demand": 460.0, "Reb. Cost": 250.0, "Best Reb. Cost": 539.5, "Spatial Reb. Cost": 46.0, "Actor Loss": 303.28930121641906, "Value Loss": 0.18742206927948407, "Mean Value": 0.07143566608428956, "Mean Concentration": 0.7376655340194702, "Mean Std": 0.3349124789237976, "Mean Log Prob": 363.63028621673584, "Std Log Prob": 210.5962607286808, "_wandb": {"runtime": 244}}