{"Episode": 2, "Desired Accumulation 0": 626.0, "_timestamp": 1685817839.3333929, "_runtime": 5.004724740982056, "_step": 13, "Total Demand 0": 900.0, "Desired Acc. to Total Demand ratio 0": 0.6955555555555556, "Desired Accumulation 1": 843.0, "Total Demand 1": 900.0, "Desired Acc. to Total Demand ratio 1": 0.9366666666666666, "Reward": 2959.5, "Best Reward:": 2959.5, "ServedDemand": 366.0, "Best Served Demand": 366.0, "Reb. Cost": 517.5, "Best Reb. Cost": 517.5, "Spatial Reb. Cost": 17.5, "Actor Loss": -9.968086272166982, "Value Loss": 7.7595844205705475, "Mean Value": 0.16420035511255265, "Mean Concentration": 0.7073975205421448, "Mean Std": 0.004153650254011154, "Mean Log Prob": -3.7093541622161865, "Std Log Prob": 2.0759803099821115, "_wandb": {"runtime": 4}}