{"Episode": 6705, "Desired Accumulation 0": 17686.050320254, "_timestamp": 1685930152.2884762, "_runtime": 5987.158006191254, "_step": 60344, "Total Demand 0": 4597.414156033183, "Desired Acc. to Total Demand ratio 0": 3.846956075741971, "Desired Accumulation 1": 6296.0, "Total Demand 1": 0.0, "Desired Accumulation 2": 14622.716463672929, "Total Demand 2": 4597.414156033183, "Desired Acc. to Total Demand ratio 2": 3.1806393697386497, "Reward": 25707.13080064507, "Best Reward:": 47505.594408503224, "ServedDemand": 11395.233216073073, "Best Served Demand": 12804.063280030896, "Reb. Cost": 6588.065298366855, "Best Reb. Cost": 12332.67256030766, "Spatial Reb. Cost": 17.0, "Actor Loss": 2.2604842708053963, "Value Loss": 0.6171240732868044, "Mean Value": 0.04409158267080784, "Mean Concentration": NaN, "Mean Std": NaN, "Mean Log Prob": 2.3364407420158386, "Std Log Prob": 0.3405675282128577}