{"Episode": 84, "Desired Accumulation 0": 1048.0, "_timestamp": 1685847768.1556156, "_runtime": 54.65266466140747, "_step": 587, "Total Demand 0": 900.0, "Desired Acc. to Total Demand ratio 0": 1.1644444444444444, "Desired Accumulation 1": 872.0, "Total Demand 1": 900.0, "Desired Acc. to Total Demand ratio 1": 0.9688888888888889, "Reward": -312.0, "Best Reward:": -241.5, "ServedDemand": 0, "Best Served Demand": 0, "Reb. Cost": 312.0, "Best Reb. Cost": 241.5, "Spatial Reb. Cost": 0, "Actor Loss": -1.178666683397724, "Value Loss": 3.5317858389894807, "Mean Value": -0.04331580102443695, "Mean Concentration": 0.7051048278808594, "Mean Std": 0.006456133909523487, "Mean Log Prob": -1.7974544763565063, "Std Log Prob": 3.9894874412484658, "_wandb": {"runtime": 54}}