{"Episode": 3608, "Desired Accumulation 0": 20519.0, "_timestamp": 1685922571.8661833, "_runtime": 4195.317258358002, "_step": 32471, "Total Demand 0": 4597.414156033183, "Desired Acc. to Total Demand ratio 0": 4.463161095258937, "Desired Accumulation 1": 2004.0, "Total Demand 1": 0.0, "Desired Accumulation 2": 18671.0, "Total Demand 2": 4597.414156033183, "Desired Acc. to Total Demand ratio 2": 4.06119600417075, "Reward": 68147.0, "Best Reward:": 71802.5, "ServedDemand": 8806.0, "Best Served Demand": 9135.0, "Reb. Cost": 15510.0, "Best Reb. Cost": 14980.0, "Spatial Reb. Cost": 163.0, "Actor Loss": 5.967248548816608, "Value Loss": 0.07694891936257219, "Mean Value": 0.07419622093439102, "Mean Concentration": NaN, "Mean Std": NaN, "Mean Log Prob": 3.992136615514755, "Std Log Prob": 1.7060983076743625, "_wandb": {"runtime": 4196}}