{"Episode": 4, "Desired Accumulation 0": 15282.0, "_timestamp": 1685917702.7468925, "_runtime": 7.662490367889404, "_step": 35, "Total Demand 0": 4597.414156033183, "Desired Acc. to Total Demand ratio 0": 3.3240424902649774, "Desired Accumulation 1": 12913.0, "Total Demand 1": 0.0, "Desired Accumulation 2": 14420.0, "Total Demand 2": 4597.414156033183, "Desired Acc. to Total Demand ratio 2": 3.1365457865214617, "Reward": 56600.5, "Best Reward:": 57259.5, "ServedDemand": 7385.0, "Best Served Demand": 7784.0, "Reb. Cost": 13557.0, "Best Reb. Cost": 16688.5, "Spatial Reb. Cost": 889.0, "Actor Loss": 14.532707192024354, "Value Loss": 33.470033289712674, "Mean Value": 0.5099914282560348, "Mean Concentration": NaN, "Mean Std": NaN, "Mean Log Prob": 2.026138263940811, "Std Log Prob": 0.44079100543186134}