{"Episode": 143, "Desired Accumulation 0": 975.0, "_timestamp": 1685847919.728858, "_runtime": 87.7027039527893, "_step": 1000, "Total Demand 0": 900.0, "Desired Acc. to Total Demand ratio 0": 1.0833333333333333, "Desired Accumulation 1": 945.0, "Total Demand 1": 900.0, "Desired Acc. to Total Demand ratio 1": 1.05, "Reward": -278.0, "Best Reward:": -225.5, "ServedDemand": 0, "Best Served Demand": 0, "Reb. Cost": 278.0, "Best Reb. Cost": 225.5, "Spatial Reb. Cost": 0, "Actor Loss": -1.178666683397724, "Value Loss": 3.5317858389894807, "Mean Value": -0.04331580102443695, "Mean Concentration": 0.7051048278808594, "Mean Std": 0.006456133909523487, "Mean Log Prob": -1.7974544763565063, "Std Log Prob": 3.9894874412484658, "_wandb": {"runtime": 87}}