{"Episode": 7, "Desired Accumulation 0": 805.0, "_timestamp": 1685848622.7213295, "_runtime": 8.06345248222351, "_step": 48, "Total Demand 0": 900.0, "Desired Acc. to Total Demand ratio 0": 0.8944444444444445, "Desired Accumulation 1": 1115.0, "Total Demand 1": 900.0, "Desired Acc. to Total Demand ratio 1": 1.238888888888889, "Reward": -363.5, "Best Reward:": -297.0, "ServedDemand": 0, "Best Served Demand": 0, "Reb. Cost": 363.5, "Best Reb. Cost": 297.0, "Spatial Reb. Cost": 62.5, "Actor Loss": -0.9185123553297796, "Value Loss": 4.871735625522209, "Mean Value": -0.15198371633887292, "Mean Concentration": 0.7071492075920105, "Mean Std": 0.005592201370745897, "Mean Log Prob": -3.916909670829773, "Std Log Prob": 3.230157685477829, "_wandb": {"runtime": 8}}