{"Episode": 10, "Desired Accumulation 0": 889.0, "_timestamp": 1685848986.5311675, "_runtime": 10.31092643737793, "_step": 69, "Total Demand 0": 900.0, "Desired Acc. to Total Demand ratio 0": 0.9877777777777778, "Desired Accumulation 1": 731.0, "Total Demand 1": 900.0, "Desired Acc. to Total Demand ratio 1": 0.8122222222222222, "Reward": 2487.5, "Best Reward:": 3248.0, "ServedDemand": 0, "Best Served Demand": 0, "Reb. Cost": 362.5, "Best Reb. Cost": 409.5, "Spatial Reb. Cost": 2.0, "Actor Loss": -21.06092923390896, "Value Loss": 4.533848677877058, "Mean Value": 0.15947308987379075, "Mean Concentration": 0.709149956703186, "Mean Std": 0.006404719315469265, "Mean Log Prob": -1.8730726957321167, "Std Log Prob": 3.8454571480957047, "_wandb": {"runtime": 9}}