{"Episode": 13, "Desired Accumulation 0": 943.0, "_timestamp": 1685848894.1738486, "_runtime": 10.39246654510498, "_step": 90, "Total Demand 0": 900.0, "Desired Acc. to Total Demand ratio 0": 1.0477777777777777, "Desired Accumulation 1": 977.0, "Total Demand 1": 900.0, "Desired Acc. to Total Demand ratio 1": 1.0855555555555556, "Reward": -383.5, "Best Reward:": -291.0, "ServedDemand": 0, "Best Served Demand": 0, "Reb. Cost": 383.5, "Best Reb. Cost": 291.0, "Spatial Reb. Cost": 8.0, "Actor Loss": -3.8900540730244755, "Value Loss": 8.566213612400755, "Mean Value": 0.06034912802278995, "Mean Concentration": 0.7042059898376465, "Mean Std": 0.0030333413742482662, "Mean Log Prob": -3.0526145935058593, "Std Log Prob": 3.00542998052477}