{"Episode": 170, "Desired Accumulation 0": 994.0, "_timestamp": 1685838205.0825598, "_runtime": 110.93509888648987, "_step": 1189, "Total Demand 0": 900.0, "Desired Acc. to Total Demand ratio 0": 1.1044444444444443, "Desired Accumulation 1": 926.0, "Total Demand 1": 900.0, "Desired Acc. to Total Demand ratio 1": 1.028888888888889, "Reward": -241.5, "Best Reward:": -161.5, "ServedDemand": 0, "Best Served Demand": 0, "Reb. Cost": 241.5, "Best Reb. Cost": 161.5, "Spatial Reb. Cost": 10.5, "Actor Loss": -10.128801191078836, "Value Loss": 2.1973261388523744, "Mean Value": 0.07926970981061458, "Mean Concentration": 0.6026780009269714, "Mean Std": 0.02126658335328102, "Mean Log Prob": -2.5090338230133056, "Std Log Prob": 4.2127912390959406, "_wandb": {"runtime": 110}}