{"Episode": 1325, "Desired Accumulation 0": 924.8214125931263, "_timestamp": 1685859122.2941577, "_runtime": 885.4958627223969, "_step": 9274, "Total Demand 0": 900.0, "Desired Acc. to Total Demand ratio 0": 1.0275793473256958, "Desired Accumulation 1": 582.0, "Total Demand 1": 900.0, "Desired Acc. to Total Demand ratio 1": 0.6466666666666666, "Reward": 1504.2716323658824, "Best Reward:": 3830.5, "ServedDemand": 413.1785874068737, "Best Served Demand": 460.0, "Reb. Cost": 422.4539770036936, "Best Reb. Cost": 539.5, "Spatial Reb. Cost": 51.405363500118256, "Actor Loss": -449.9836760869249, "Value Loss": 0.6095559177640638, "Mean Value": -0.09442086219787597, "Mean Concentration": 0.8876850605010986, "Mean Std": 0.695114016532898, "Mean Log Prob": -225.8929428100586, "Std Log Prob": 435.2113600464592, "_wandb": {"runtime": 885}}