{"Episode": 2, "Desired Accumulation 0": 15530.0, "_timestamp": 1685915243.7968678, "_runtime": 5.377532958984375, "_step": 17, "Total Demand 0": 4597.414156033183, "Desired Acc. to Total Demand ratio 0": 3.377985857467288, "Desired Accumulation 1": 15076.0, "Total Demand 1": 0.0, "Desired Accumulation 2": 13416.0, "Total Demand 2": 4597.414156033183, "Desired Acc. to Total Demand ratio 2": 2.918162154783074, "Reward": 45436.0, "Best Reward:": 45436.0, "ServedDemand": 5978.0, "Best Served Demand": 5978.0, "Reb. Cost": 11355.0, "Best Reb. Cost": 11355.0, "Spatial Reb. Cost": 1313.0, "Actor Loss": 1.5983755432801576, "Value Loss": 7.336318951135249, "Mean Value": -0.0058638140559196476, "Mean Concentration": 0.7267330884933472, "Mean Std": 0.014408566057682037, "Mean Log Prob": -1.6316375255584716, "Std Log Prob": 4.020018358387542, "_wandb": {"runtime": 6}}