{"Episode": 4, "Desired Accumulation 0": 1007.0, "_timestamp": 1685838036.441706, "_runtime": 5.419551849365234, "_step": 27, "Total Demand 0": 900.0, "Desired Acc. to Total Demand ratio 0": 1.1188888888888888, "Desired Accumulation 1": 913.0, "Total Demand 1": 900.0, "Desired Acc. to Total Demand ratio 1": 1.0144444444444445, "Reward": -412.5, "Best Reward:": -370.0, "ServedDemand": 0, "Best Served Demand": 0, "Reb. Cost": 412.5, "Best Reb. Cost": 370.0, "Spatial Reb. Cost": 17.5, "Actor Loss": -10.32606304390532, "Value Loss": 6.673313666023106, "Mean Value": -0.069611906260252, "Mean Concentration": 0.6946395635604858, "Mean Std": 0.004712729714810848, "Mean Log Prob": -2.2750556468963623, "Std Log Prob": 3.028658248541053, "_wandb": {"runtime": 5}}