{"Episode": 6657, "Desired Accumulation 0": 890.2919467240572, "_timestamp": 1685857777.8349674, "_runtime": 4445.053674459457, "_step": 46598, "Total Demand 0": 900.0, "Desired Acc. to Total Demand ratio 0": 0.9892132741378413, "Desired Accumulation 1": 652.0331862568855, "Total Demand 1": 900.0, "Desired Acc. to Total Demand ratio 1": 0.7244813180632061, "Reward": 2052.8019472509623, "Best Reward:": 4211.5, "ServedDemand": 377.6748670190573, "Best Served Demand": 506.0, "Reb. Cost": 274.5780290737748, "Best Reb. Cost": 595.5, "Spatial Reb. Cost": 0, "Actor Loss": 666.9415467760471, "Value Loss": 0.7368585272313435, "Mean Value": 0.11217118874192238, "Mean Concentration": 4.454078197479248, "Mean Std": 4.296092987060547, "Mean Log Prob": 302.60362548828124, "Std Log Prob": 68.54955821354687, "_wandb": {"runtime": 4446}}