{"Episode": 1, "Desired Accumulation 0": 168576.0, "_timestamp": 1685866254.0713072, "_runtime": 18.79741621017456, "_step": 15, "Total Demand 0": 136852.0, "Desired Acc. to Total Demand ratio 0": 1.2318124689445533, "Desired Accumulation 1": 109336.0, "Total Demand 1": 87142.0, "Desired Acc. to Total Demand ratio 1": 1.2546877510270593, "Desired Accumulation 2": 70317.0, "Total Demand 2": 40122.0, "Desired Acc. to Total Demand ratio 2": 1.7525796321220277, "Desired Accumulation 3": 102581.0, "Total Demand 3": 64206.0, "Desired Acc. to Total Demand ratio 3": 1.597685574556895, "Desired Accumulation 4": 66103.0, "Total Demand 4": 4940.0, "Desired Acc. to Total Demand ratio 4": 13.381174089068827, "Reward": 866988.6357200001, "Best Reward:": 866988.6357200001, "ServedDemand": 79199.0, "Best Served Demand": 79199.0, "Reb. Cost": 154584.46968, "Best Reb. Cost": 154584.46968, "Spatial Reb. Cost": 6296.2636, "Actor Loss": 1000.0, "Value Loss": 1958.9821887016296, "Mean Value": 82.1242578625679, "Mean Concentration": 1.195815920829773, "Mean Std": 0.35561442375183105, "Mean Log Prob": 79.0138765970866, "Std Log Prob": 22.134115282830958, "_wandb": {"runtime": 22}}