{"Episode": 916, "Desired Accumulation 0": 16516.0, "_timestamp": 1685872510.8523955, "_runtime": 1155.0990874767303, "_step": 8243, "Total Demand 0": 4597.414156033183, "Desired Acc. to Total Demand ratio 0": 3.5924542448119596, "Desired Accumulation 1": 9649.0, "Total Demand 1": 0.0, "Desired Accumulation 2": 15854.0, "Total Demand 2": 4597.414156033183, "Desired Acc. to Total Demand ratio 2": 3.448460256554178, "Reward": 61860.5, "Best Reward:": 66337.0, "ServedDemand": 7981.0, "Best Served Demand": 8618.0, "Reb. Cost": 13959.0, "Best Reb. Cost": 15534.0, "Spatial Reb. Cost": 22.5, "Actor Loss": 8.5346317646407, "Value Loss": 0.02826587889665843, "Mean Value": 0.01811263933777809, "Mean Concentration": 1.8275396823883057, "Mean Std": 0.7409701943397522, "Mean Log Prob": 26.10973539352417, "Std Log Prob": 5.695417067648809}