{"Episode": 2, "Desired Accumulation 0": 355073.0, "_timestamp": 1685866381.9606283, "_runtime": 33.01860022544861, "_step": 31, "Total Demand 0": 188478.0, "Desired Acc. to Total Demand ratio 0": 1.883896263754921, "Desired Accumulation 1": 309952.0, "Total Demand 1": 161266.0, "Desired Acc. to Total Demand ratio 1": 1.9219922364292534, "Desired Accumulation 2": 1100133.0, "Total Demand 2": 585322.0, "Desired Acc. to Total Demand ratio 2": 1.8795346834733702, "Desired Accumulation 3": 246067.0, "Total Demand 3": 153510.0, "Desired Acc. to Total Demand ratio 3": 1.602937919353788, "Desired Accumulation 4": 264721.0, "Total Demand 4": 139450.0, "Desired Acc. to Total Demand ratio 4": 1.8983219792040158, "Reward": 4580295.3950000005, "Best Reward:": 4619497.36872, "ServedDemand": 521654.0, "Best Served Demand": 524448.0, "Reb. Cost": 513214.7316, "Best Reb. Cost": 501791.93147999997, "Spatial Reb. Cost": 28635.540720000008, "Actor Loss": 1000.0, "Value Loss": 1123.5418211453466, "Mean Value": 66.96759921312332, "Mean Concentration": 3.90995192527771, "Mean Std": 2.591679096221924, "Mean Log Prob": 218.5492730140686, "Std Log Prob": 58.1874637106588, "_wandb": {"runtime": 34}}