{"Episode": 55, "Desired Accumulation 0": 14311.0, "_timestamp": 1685870623.2141728, "_runtime": 69.49609589576721, "_step": 494, "Total Demand 0": 4597.414156033183, "Desired Acc. to Total Demand ratio 0": 3.1128368065817362, "Desired Accumulation 1": 14787.0, "Total Demand 1": 0.0, "Desired Accumulation 2": 14207.0, "Total Demand 2": 4597.414156033183, "Desired Acc. to Total Demand ratio 2": 3.090215394529154, "Reward": 49728.0, "Best Reward:": 53082.0, "ServedDemand": 6695.0, "Best Served Demand": 7043.0, "Reb. Cost": 13874.5, "Best Reb. Cost": 13826.5, "Spatial Reb. Cost": 803.0, "Actor Loss": -9.65630468550617, "Value Loss": 0.21787691427181372, "Mean Value": -0.0019261360168457032, "Mean Concentration": 0.5997599363327026, "Mean Std": 0.04802687093615532, "Mean Log Prob": 12.064010500907898, "Std Log Prob": 8.403841017285485, "_wandb": {"runtime": 69}}