{"Episode": 4, "Desired Accumulation 0": 889.0, "_timestamp": 1685849245.5212073, "_runtime": 5.910419225692749, "_step": 27, "Total Demand 0": 900.0, "Desired Acc. to Total Demand ratio 0": 0.9877777777777778, "Desired Accumulation 1": 1031.0, "Total Demand 1": 900.0, "Desired Acc. to Total Demand ratio 1": 1.1455555555555557, "Reward": -375.0, "Best Reward:": -297.0, "ServedDemand": 0, "Best Served Demand": 0, "Reb. Cost": 375.0, "Best Reb. Cost": 297.0, "Spatial Reb. Cost": 2.0, "Actor Loss": 11.919904984324385, "Value Loss": 6.991090143405749, "Mean Value": -0.12116997390985489, "Mean Concentration": 0.7061497569084167, "Mean Std": 0.004434804432094097, "Mean Log Prob": -3.7330947637557985, "Std Log Prob": 2.7831627555131817}