{"Episode": 208, "Desired Accumulation 0": 788.9086728282273, "_timestamp": 1685852601.5666995, "_runtime": 139.02361345291138, "_step": 1455, "Total Demand 0": 900.0, "Desired Acc. to Total Demand ratio 0": 0.8765651920313636, "Desired Accumulation 1": 740.1138459295034, "Total Demand 1": 900.0, "Desired Acc. to Total Demand ratio 1": 0.8223487176994483, "Reward": 1559.5167014431208, "Best Reward:": 3562.0, "ServedDemand": 390.9774812422693, "Best Served Demand": 432.0, "Reb. Cost": 359.118820136413, "Best Reb. Cost": 542.0, "Spatial Reb. Cost": 19.1095712184906, "Actor Loss": -4.443716204952918, "Value Loss": 1.9096772783389688, "Mean Value": 0.10782576277852059, "Mean Concentration": 1.0613064765930176, "Mean Std": 0.2482423037290573, "Mean Log Prob": 3.031192994117737, "Std Log Prob": 4.335572298377191, "_wandb": {"runtime": 140}}