{"Episode": 3, "Desired Accumulation 0": 359169.0, "_timestamp": 1685866455.8725772, "_runtime": 46.163772106170654, "_step": 47, "Total Demand 0": 179060.0, "Desired Acc. to Total Demand ratio 0": 2.005858371495588, "Desired Accumulation 1": 267598.0, "Total Demand 1": 153198.0, "Desired Acc. to Total Demand ratio 1": 1.7467460410710323, "Desired Accumulation 2": 1117489.0, "Total Demand 2": 556058.0, "Desired Acc. to Total Demand ratio 2": 2.009662661089311, "Desired Accumulation 3": 310341.0, "Total Demand 3": 145834.0, "Desired Acc. to Total Demand ratio 3": 2.1280428432327168, "Desired Accumulation 4": 247348.0, "Total Demand 4": 132488.0, "Desired Acc. to Total Demand ratio 4": 1.866946440432341, "Reward": 4289491.489, "Best Reward:": 4297398.277, "ServedDemand": 495655.0, "Best Served Demand": 496577.0, "Reb. Cost": 549930.576, "Best Reb. Cost": 551775.8928, "Spatial Reb. Cost": 34021.650599999986, "Actor Loss": -1000.0, "Value Loss": 4451.468261141573, "Mean Value": -270.5557384490967, "Mean Concentration": 3.720324754714966, "Mean Std": 2.452589750289917, "Mean Log Prob": 228.9759168624878, "Std Log Prob": 52.069303213164936, "_wandb": {"runtime": 49}}