{"Episode": 1940, "Desired Accumulation 0": 1098.0, "_timestamp": 1685839439.1254177, "_runtime": 1190.630780696869, "_step": 13579, "Total Demand 0": 900.0, "Desired Acc. to Total Demand ratio 0": 1.22, "Desired Accumulation 1": 822.0, "Total Demand 1": 900.0, "Desired Acc. to Total Demand ratio 1": 0.9133333333333333, "Reward": -60.0, "Best Reward:": -4.0, "ServedDemand": 0, "Best Served Demand": 0, "Reb. Cost": 60.0, "Best Reb. Cost": 4.0, "Spatial Reb. Cost": 0, "Actor Loss": -182.6068833665016, "Value Loss": 2.9400620050474444, "Mean Value": -0.06447808891534805, "Mean Concentration": 0.33375242352485657, "Mean Std": 0.019036386162042618, "Mean Log Prob": -98.93149775266647, "Std Log Prob": 61.491060975034316, "_wandb": {"runtime": 1190}}