{"Episode": 2, "Desired Accumulation 0": 707.0, "_timestamp": 1685853309.4836745, "_runtime": 4.296618461608887, "_step": 13, "Total Demand 0": 900.0, "Desired Acc. to Total Demand ratio 0": 0.7855555555555556, "Desired Accumulation 1": 840.0, "Total Demand 1": 900.0, "Desired Acc. to Total Demand ratio 1": 0.9333333333333333, "Reward": 3113.0, "Best Reward:": 3113.0, "ServedDemand": 373.0, "Best Served Demand": 373.0, "Reb. Cost": 430.5, "Best Reb. Cost": 430.5, "Spatial Reb. Cost": 3.0, "Actor Loss": -4.365317523251557, "Value Loss": 7.452528841374266, "Mean Value": 0.1540277659893036, "Mean Concentration": 0.7030587196350098, "Mean Std": 0.0038711759261786938, "Mean Log Prob": -1.808927631378174, "Std Log Prob": 2.8777152614291706, "_wandb": {"runtime": 4}}