{"Episode": 10, "Desired Accumulation 0": 835.0, "_timestamp": 1685850396.4805598, "_runtime": 11.371423721313477, "_step": 69, "Total Demand 0": 900.0, "Desired Acc. to Total Demand ratio 0": 0.9277777777777778, "Desired Accumulation 1": 708.0, "Total Demand 1": 900.0, "Desired Acc. to Total Demand ratio 1": 0.7866666666666666, "Reward": 2603.0, "Best Reward:": 3532.5, "ServedDemand": 320.0, "Best Served Demand": 429.0, "Reb. Cost": 437.0, "Best Reb. Cost": 543.0, "Spatial Reb. Cost": 1.0, "Actor Loss": -19.336300184308683, "Value Loss": 4.429739667212056, "Mean Value": 0.25444955602288244, "Mean Concentration": 0.7076789736747742, "Mean Std": 0.006703590042889118, "Mean Log Prob": -1.8575396060943603, "Std Log Prob": 3.8609554612248305, "_wandb": {"runtime": 11}}