{"Episode": 4, "Desired Accumulation 0": 716.0, "_timestamp": 1685858102.4539154, "_runtime": 5.792093276977539, "_step": 27, "Total Demand 0": 900.0, "Desired Acc. to Total Demand ratio 0": 0.7955555555555556, "Desired Accumulation 1": 906.0, "Total Demand 1": 900.0, "Desired Acc. to Total Demand ratio 1": 1.0066666666666666, "Reward": 2451.5, "Best Reward:": 3248.0, "ServedDemand": 298.0, "Best Served Demand": 385.0, "Reb. Cost": 379.5, "Best Reb. Cost": 409.5, "Spatial Reb. Cost": 9.5, "Actor Loss": -26.800645246173943, "Value Loss": 6.343548571762909, "Mean Value": 0.3089239452034235, "Mean Concentration": 0.7011911869049072, "Mean Std": 0.00463079335168004, "Mean Log Prob": -3.812335896492004, "Std Log Prob": 2.728658067218671, "_wandb": {"runtime": 5}}