{"Episode": 984, "Desired Accumulation 0": 1090.9855423420668, "_timestamp": 1685861655.7115605, "_runtime": 646.2486054897308, "_step": 6887, "Total Demand 0": 900.0, "Desired Acc. to Total Demand ratio 0": 1.212206158157852, "Desired Accumulation 1": 565.1928423196077, "Total Demand 1": 900.0, "Desired Acc. to Total Demand ratio 1": 0.6279920470217863, "Reward": 860.0746646523476, "Best Reward:": 3830.5, "ServedDemand": 263.8216153383255, "Best Served Demand": 460.0, "Reb. Cost": 139.79899016022682, "Best Reb. Cost": 539.5, "Spatial Reb. Cost": 0, "Actor Loss": 788.9461397305807, "Value Loss": 1.9671658309842912, "Mean Value": 0.009667351841926575, "Mean Concentration": 0.4170989394187927, "Mean Std": 0.2688430845737457, "Mean Log Prob": 715.3470481872558, "Std Log Prob": 156.8277556023995, "_wandb": {"runtime": 647}}