{"Episode": 214, "Desired Accumulation 0": 558.0, "_timestamp": 1685749756.8774788, "_runtime": 187.5860457420349, "_step": 1497, "Total Demand 0": 900.0, "Desired Acc. to Total Demand ratio 0": 0.62, "Desired Accumulation 1": 574.0, "Total Demand 1": 900.0, "Desired Acc. to Total Demand ratio 1": 0.6377777777777778, "Reward": 4964.0, "Best Reward:": 5180.5, "ServedDemand": 605.0, "Best Served Demand": 636.0, "Reb. Cost": 783.5, "Best Reb. Cost": 861.5, "Spatial Reb. Cost": 18.0, "Actor Loss": -19.341567861948462, "Value Loss": 0.1643271036184776, "Mean Value": -0.04029208868741989, "Mean Concentration": 1.3150386810302734, "Mean Std": 0.4712572693824768, "Mean Log Prob": 11.837689781188965, "Std Log Prob": 6.819252264080629, "_wandb": {"runtime": 187}}