{"Episode": 442, "Desired Accumulation 0": 839.0, "_timestamp": 1685852601.878432, "_runtime": 351.21187710762024, "_step": 3093, "Total Demand 0": 900.0, "Desired Acc. to Total Demand ratio 0": 0.9322222222222222, "Desired Accumulation 1": 688.0, "Total Demand 1": 900.0, "Desired Acc. to Total Demand ratio 1": 0.7644444444444445, "Reward": 3313.5, "Best Reward:": 3830.5, "ServedDemand": 393.0, "Best Served Demand": 460.0, "Reb. Cost": 420.0, "Best Reb. Cost": 539.5, "Spatial Reb. Cost": 10.5, "Actor Loss": -96.2651172061352, "Value Loss": 0.07851248326743288, "Mean Value": -0.015891951322555543, "Mean Concentration": 0.8745189309120178, "Mean Std": 0.611358642578125, "Mean Log Prob": 73.23594856262207, "Std Log Prob": 92.6513139722361, "_wandb": {"runtime": 352}}