{"Episode": 6, "Desired Accumulation 0": 852.0, "_timestamp": 1685845922.354489, "_runtime": 7.389127969741821, "_step": 41, "Total Demand 0": 900.0, "Desired Acc. to Total Demand ratio 0": 0.9466666666666667, "Desired Accumulation 1": 1068.0, "Total Demand 1": 900.0, "Desired Acc. to Total Demand ratio 1": 1.1866666666666668, "Reward": -563.0, "Best Reward:": -272.0, "ServedDemand": 0, "Best Served Demand": 0, "Reb. Cost": 563.0, "Best Reb. Cost": 272.0, "Spatial Reb. Cost": 28.0, "Actor Loss": 12.395248328144039, "Value Loss": 5.873869458812575, "Mean Value": -0.1436923138797283, "Mean Concentration": 0.6903438568115234, "Mean Std": 0.004283098503947258, "Mean Log Prob": -1.8547388792037964, "Std Log Prob": 3.4148881888228875, "_wandb": {"runtime": 7}}