{"Episode": 10, "Desired Accumulation 0": 980.0, "_timestamp": 1685847274.8483694, "_runtime": 10.447380304336548, "_step": 69, "Total Demand 0": 900.0, "Desired Acc. to Total Demand ratio 0": 1.0888888888888888, "Desired Accumulation 1": 940.0, "Total Demand 1": 900.0, "Desired Acc. to Total Demand ratio 1": 1.0444444444444445, "Reward": -352.0, "Best Reward:": -297.0, "ServedDemand": 0, "Best Served Demand": 0, "Reb. Cost": 352.0, "Best Reb. Cost": 297.0, "Spatial Reb. Cost": 22.0, "Actor Loss": -1.178666683397724, "Value Loss": 3.5317858389894807, "Mean Value": -0.04331580102443695, "Mean Concentration": 0.7051048278808594, "Mean Std": 0.006456133909523487, "Mean Log Prob": -1.7974544763565063, "Std Log Prob": 3.9894874412484658, "_wandb": {"runtime": 10}}