{"Episode": 472, "Desired Accumulation 0": 17753.0, "_timestamp": 1685918361.4206522, "_runtime": 530.1008281707764, "_step": 4247, "Total Demand 0": 4597.414156033183, "Desired Acc. to Total Demand ratio 0": 3.861518540091228, "Desired Accumulation 1": 7700.0, "Total Demand 1": 0.0, "Desired Accumulation 2": 16844.0, "Total Demand 2": 4597.414156033183, "Desired Acc. to Total Demand ratio 2": 3.663798698208564, "Reward": 57334.5, "Best Reward:": 66590.0, "ServedDemand": 7703.0, "Best Served Demand": 8826.0, "Reb. Cost": 15844.0, "Best Reb. Cost": 17257.0, "Spatial Reb. Cost": 523.5, "Actor Loss": 11.240473094493932, "Value Loss": 1.2557713914932704, "Mean Value": 0.33368766978383063, "Mean Concentration": NaN, "Mean Std": NaN, "Mean Log Prob": 1.8274543404579162, "Std Log Prob": 0.7162080931254016}