{"Episode": 284, "Desired Accumulation 0": 1072.0, "_timestamp": 1685857777.3845935, "_runtime": 222.0930016040802, "_step": 1987, "Total Demand 0": 900.0, "Desired Acc. to Total Demand ratio 0": 1.191111111111111, "Desired Accumulation 1": 624.0, "Total Demand 1": 900.0, "Desired Acc. to Total Demand ratio 1": 0.6933333333333334, "Reward": 1995.0, "Best Reward:": 3830.5, "ServedDemand": 224.0, "Best Served Demand": 460.0, "Reb. Cost": 133.0, "Best Reb. Cost": 539.5, "Spatial Reb. Cost": 26.0, "Actor Loss": -1000.0, "Value Loss": 0.29891775940521464, "Mean Value": -0.08887665122747421, "Mean Concentration": 0.7840459942817688, "Mean Std": 0.3522082269191742, "Mean Log Prob": 402.55133266448973, "Std Log Prob": 201.36049926663208, "_wandb": {"runtime": 223}}