{"Episode": 29, "Desired Accumulation 0": 1045.0, "_timestamp": 1685848484.2441761, "_runtime": 20.88583517074585, "_step": 202, "Total Demand 0": 900.0, "Desired Acc. to Total Demand ratio 0": 1.1611111111111112, "Desired Accumulation 1": 875.0, "Total Demand 1": 900.0, "Desired Acc. to Total Demand ratio 1": 0.9722222222222222, "Reward": -344.0, "Best Reward:": -267.5, "ServedDemand": 0, "Best Served Demand": 0, "Reb. Cost": 344.0, "Best Reb. Cost": 267.5, "Spatial Reb. Cost": 3.0, "Actor Loss": -1.178666683397724, "Value Loss": 3.5317858389894807, "Mean Value": -0.04331580102443695, "Mean Concentration": 0.7051048278808594, "Mean Std": 0.006456133909523487, "Mean Log Prob": -1.7974544763565063, "Std Log Prob": 3.9894874412484658, "_wandb": {"runtime": 20}}