{"Episode": 1631, "Desired Accumulation 0": 825.910138618201, "_timestamp": 1685857518.8338938, "_runtime": 1051.9004487991333, "_step": 11416, "Total Demand 0": 900.0, "Desired Acc. to Total Demand ratio 0": 0.9176779317980012, "Desired Accumulation 1": 739.5467676594853, "Total Demand 1": 900.0, "Desired Acc. to Total Demand ratio 1": 0.8217186307327615, "Reward": 1136.7884424328804, "Best Reward:": 3562.0, "ServedDemand": 354.54309372231364, "Best Served Demand": 432.0, "Reb. Cost": 509.8377726022154, "Best Reb. Cost": 542.0, "Spatial Reb. Cost": 18.5, "Actor Loss": 56.72905087256778, "Value Loss": 0.7660271419824785, "Mean Value": 0.0800386443734169, "Mean Concentration": 9.639284133911133, "Mean Std": 2.3188562393188477, "Mean Log Prob": 33.19427490234375, "Std Log Prob": 3.669328110284622, "_wandb": {"runtime": 1051}}