{"Episode": 103, "Desired Accumulation 0": 1224.0, "_timestamp": 1685846486.1034038, "_runtime": 78.50596475601196, "_step": 720, "Total Demand 0": 900.0, "Desired Acc. to Total Demand ratio 0": 1.36, "Desired Accumulation 1": 696.0, "Total Demand 1": 900.0, "Desired Acc. to Total Demand ratio 1": 0.7733333333333333, "Reward": -377.0, "Best Reward:": -228.5, "ServedDemand": 0, "Best Served Demand": 0, "Reb. Cost": 377.0, "Best Reb. Cost": 228.5, "Spatial Reb. Cost": 19.5, "Actor Loss": 2.3823049891752475, "Value Loss": 0.6774929930878582, "Mean Value": 0.030803585052490236, "Mean Concentration": 0.653529942035675, "Mean Std": 0.018838053569197655, "Mean Log Prob": -2.031158971786499, "Std Log Prob": 2.9984470165452777, "_wandb": {"runtime": 78}}