{"Episode": 10, "Desired Accumulation 0": 719.0, "_timestamp": 1685846844.9965084, "_runtime": 10.421335458755493, "_step": 69, "Total Demand 0": 900.0, "Desired Acc. to Total Demand ratio 0": 0.7988888888888889, "Desired Accumulation 1": 1201.0, "Total Demand 1": 900.0, "Desired Acc. to Total Demand ratio 1": 1.3344444444444445, "Reward": -403.0, "Best Reward:": -228.5, "ServedDemand": 0, "Best Served Demand": 0, "Reb. Cost": 403.0, "Best Reb. Cost": 228.5, "Spatial Reb. Cost": 34.0, "Actor Loss": 1.6077095287885492, "Value Loss": 3.016906085073181, "Mean Value": 0.001822984218597412, "Mean Concentration": 0.6872249841690063, "Mean Std": 0.00472496310248971, "Mean Log Prob": -3.4909895420074464, "Std Log Prob": 2.82932822973049, "_wandb": {"runtime": 10}}