{"Episode": 14, "Desired Accumulation 0": 1064.0, "_timestamp": 1685845655.0151043, "_runtime": 13.619762182235718, "_step": 97, "Total Demand 0": 900.0, "Desired Acc. to Total Demand ratio 0": 1.1822222222222223, "Desired Accumulation 1": 856.0, "Total Demand 1": 900.0, "Desired Acc. to Total Demand ratio 1": 0.9511111111111111, "Reward": -319.0, "Best Reward:": -228.5, "ServedDemand": 0, "Best Served Demand": 0, "Reb. Cost": 319.0, "Best Reb. Cost": 228.5, "Spatial Reb. Cost": 17.5, "Actor Loss": -10.450674249661166, "Value Loss": 1.5259673012193764, "Mean Value": -0.07135579735040665, "Mean Concentration": 0.6868699193000793, "Mean Std": 0.0059966398403048515, "Mean Log Prob": -3.017911410331726, "Std Log Prob": 2.739856633214716, "_wandb": {"runtime": 14}}