{"Episode": 428, "Desired Accumulation 0": 1920.0, "_timestamp": 1685844651.409375, "_runtime": 334.1564738750458, "_step": 2995, "Total Demand 0": 900.0, "Desired Acc. to Total Demand ratio 0": 2.1333333333333333, "Desired Accumulation 1": 0.0, "Total Demand 1": 900.0, "Desired Acc. to Total Demand ratio 1": 0.0, "Reward": -4.0, "Best Reward:": -4.0, "ServedDemand": 0, "Best Served Demand": 0, "Reb. Cost": 4.0, "Best Reb. Cost": 4.0, "Spatial Reb. Cost": 0, "Actor Loss": -0.0002269988697250561, "Value Loss": 3.799970642484324, "Mean Value": 0.1706724762916565, "Mean Concentration": 0.35530370473861694, "Mean Std": 0.028261719271540642, "Mean Log Prob": -0.0001995603937530177, "Std Log Prob": 0.0005229137229241739}