{"Episode": 1131, "Desired Accumulation 0": 814.4911534786224, "_timestamp": 1685852113.8878498, "_runtime": 694.771312713623, "_step": 7916, "Total Demand 0": 900.0, "Desired Acc. to Total Demand ratio 0": 0.9049901705318028, "Desired Accumulation 1": 753.0993808358908, "Total Demand 1": 900.0, "Desired Acc. to Total Demand ratio 1": 0.8367770898176564, "Reward": 1234.4707386344671, "Best Reward:": 3562.0, "ServedDemand": 352.4094656854868, "Best Served Demand": 432.0, "Reb. Cost": 410.6226060912013, "Best Reb. Cost": 542.0, "Spatial Reb. Cost": 17.09906715154648, "Actor Loss": 2.3559622068003185, "Value Loss": 0.44145329221915647, "Mean Value": -0.0933685541152954, "Mean Concentration": 0.9201105833053589, "Mean Std": 0.09781156480312347, "Mean Log Prob": -1.1426836490631103, "Std Log Prob": 2.485591560001961, "_wandb": {"runtime": 694}}