{"Episode": 4250, "Desired Accumulation 0": 732.4165558218956, "_timestamp": 1685860821.829066, "_runtime": 2692.8042130470276, "_step": 29749, "Total Demand 0": 900.0, "Desired Acc. to Total Demand ratio 0": 0.8137961731354395, "Desired Accumulation 1": 732.8348037302494, "Total Demand 1": 900.0, "Desired Acc. to Total Demand ratio 1": 0.8142608930336105, "Reward": 2140.4372354596853, "Best Reward:": 3830.5, "ServedDemand": 454.748640447855, "Best Served Demand": 460.0, "Reb. Cost": 525.0931352972984, "Best Reb. Cost": 539.5, "Spatial Reb. Cost": 15.565769881010056, "Actor Loss": -349.7324694693449, "Value Loss": 0.5790323875532489, "Mean Value": -0.08287878632545471, "Mean Concentration": 1.3075892925262451, "Mean Std": 1.1095867156982422, "Mean Log Prob": 165.68214597702027, "Std Log Prob": 87.25546095485689, "_wandb": {"runtime": 2692}}