{"Episode": 8138, "Desired Accumulation 0": 22017.0, "_timestamp": 1685911666.8625515, "_runtime": 9927.168513536453, "_step": 73241, "Total Demand 0": 4597.414156033183, "Desired Acc. to Total Demand ratio 0": 4.788996434247088, "Desired Accumulation 1": 4083.0, "Total Demand 1": 0.0, "Desired Accumulation 2": 20028.0, "Total Demand 2": 4597.414156033183, "Desired Acc. to Total Demand ratio 2": 4.3563619287414586, "Reward": 33812.5, "Best Reward:": 68942.0, "ServedDemand": 3872.0, "Best Served Demand": 8772.0, "Reb. Cost": 2971.5, "Best Reb. Cost": 14392.0, "Spatial Reb. Cost": 0, "Actor Loss": 299.6300281567248, "Value Loss": 0.0681844973239507, "Mean Value": 0.015544690191745758, "Mean Concentration": 4.188292026519775, "Mean Std": 6.740161895751953, "Mean Log Prob": 264.55089263916017, "Std Log Prob": 471.07115676710293, "_wandb": {"runtime": 9926}}