{"Episode": 4068, "Desired Accumulation 0": 20513.0, "_timestamp": 1685938201.7205968, "_runtime": 4531.070827722549, "_step": 36611, "Total Demand 0": 4597.414156033183, "Desired Acc. to Total Demand ratio 0": 4.461856013794365, "Desired Accumulation 1": 2282.0, "Total Demand 1": 0.0, "Desired Accumulation 2": 19548.0, "Total Demand 2": 4597.414156033183, "Desired Acc. to Total Demand ratio 2": 4.251955411575695, "Reward": 58942.5, "Best Reward:": 72325.5, "ServedDemand": 7657.0, "Best Served Demand": 9185.0, "Reb. Cost": 13799.0, "Best Reb. Cost": 14932.0, "Spatial Reb. Cost": 1127.5, "Actor Loss": -28.679870910034627, "Value Loss": 0.2390103539784589, "Mean Value": -0.14383625835180283, "Mean Concentration": NaN, "Mean Std": NaN, "Mean Log Prob": 10.47957260608673, "Std Log Prob": 3.009243662914251}