{"Episode": 20, "Desired Accumulation 0": 800.0, "_timestamp": 1685846621.3834188, "_runtime": 18.113685846328735, "_step": 139, "Total Demand 0": 900.0, "Desired Acc. to Total Demand ratio 0": 0.8888888888888888, "Desired Accumulation 1": 1120.0, "Total Demand 1": 900.0, "Desired Acc. to Total Demand ratio 1": 1.2444444444444445, "Reward": -398.5, "Best Reward:": -228.5, "ServedDemand": 0, "Best Served Demand": 0, "Reb. Cost": 398.5, "Best Reb. Cost": 228.5, "Spatial Reb. Cost": 42.0, "Actor Loss": -0.39963159433397377, "Value Loss": 0.8304362931503431, "Mean Value": 0.0642227791249752, "Mean Concentration": 0.6843888759613037, "Mean Std": 0.007120575290173292, "Mean Log Prob": -2.3106513023376465, "Std Log Prob": 2.7122477847078392, "_wandb": {"runtime": 17}}